elf_id,name,age,savings,alive,parent_id,family_id
1,Belfalas,999,25721,False,,1.0
2,Baragund,999,62283,False,,2.0
3,Palantir,997,34053,False,,3.0
4,Ulmo,995,58061,False,,4.0
5,Durin,995,21146,False,,5.0
6,Elensar,994,84814,False,5.0,6.0
7,Maglor,993,88208,False,5.0,6.0
8,Nenya,992,39688,False,7.0,7.0
9,Echoriath,992,92737,False,7.0,7.0
10,Finwe,991,71424,False,9.0,8.0
11,Arminas,988,36433,False,9.0,8.0
12,Amroth,988,4950,False,11.0,9.0
13,Denethor,987,72050,False,11.0,9.0
14,Balador,987,39424,False,13.0,10.0
15,Duilin,987,99945,False,13.0,10.0
16,Beleriand,986,57482,False,15.0,11.0
17,Mandos,985,7071,False,15.0,11.0
18,Eilinel,985,28969,False,17.0,12.0
19,Celegorm,984,5475,False,17.0,12.0
20,Brethil,984,33490,False,19.0,13.0
21,Yavannie,982,69625,False,19.0,13.0
22,Celebrant,981,60163,False,21.0,14.0
23,Morgoth,980,5926,False,21.0,14.0
24,Dior,978,78181,False,23.0,15.0
25,Cormallen,977,94136,False,23.0,15.0
26,Durin,977,85856,False,25.0,16.0
27,Eowyn,976,76796,False,25.0,16.0
28,Valandil,975,94498,False,27.0,17.0
29,Argon,975,62002,False,27.0,17.0
30,Balar,973,10928,False,29.0,1.0
31,Aerandir,972,18560,False,29.0,1.0
32,Yavanna,971,81201,False,31.0,2.0
33,Andunie,968,44174,False,31.0,2.0
34,Manwe,968,64949,False,33.0,3.0
35,Aragorn,967,41365,False,33.0,3.0
36,Vereesa,963,31601,False,35.0,4.0
37,Narsil,962,44813,False,35.0,4.0
38,Elaethan,960,87965,False,37.0,5.0
39,Maedhros,959,37576,False,37.0,5.0
40,Andor,958,63977,False,39.0,6.0
41,Amroth,958,61903,False,39.0,6.0
42,Palantir,958,51258,False,41.0,7.0
43,Angainor,956,91601,False,41.0,7.0
44,Arvandor,956,8557,False,43.0,8.0
45,Elendil,956,38823,False,43.0,8.0
46,Angrod,951,95541,False,45.0,9.0
47,Elendil,951,34636,False,45.0,9.0
48,Aratan,951,76285,False,47.0,10.0
49,Tirion,951,99351,False,47.0,10.0
50,Finwe,949,29926,False,49.0,11.0
51,Cirdan,948,16054,False,49.0,11.0
52,Aragorn,947,2418,False,51.0,12.0
53,Celegorm,946,8937,False,51.0,12.0
54,Luthien,945,29216,False,53.0,13.0
55,Erestor,945,18817,False,53.0,13.0
56,Inglor,944,62194,False,55.0,14.0
57,Celeborn,944,25674,False,55.0,14.0
58,Maeglin,942,65868,False,57.0,15.0
59,Balador,941,66259,False,57.0,15.0
60,Oropher,941,86325,False,59.0,16.0
61,Valar,938,23719,False,59.0,16.0
62,Armenelos,937,51276,False,61.0,17.0
63,Elaethan,937,77004,False,61.0,17.0
64,Erestor,937,71930,False,63.0,1.0
65,Egalmoth,935,62480,False,63.0,1.0
66,Enerdhil,934,92173,False,65.0,2.0
67,Edrahil,933,59417,False,65.0,2.0
68,Amdir,933,77309,False,67.0,3.0
69,Angainor,931,19584,False,67.0,3.0
70,Legolas,931,59037,False,69.0,4.0
71,Dwalin,929,37036,False,69.0,4.0
72,Luthien,929,2989,False,71.0,5.0
73,Cabed,929,31088,False,71.0,5.0
74,Anfauglir,928,82998,False,73.0,6.0
75,Bauglir,928,73989,False,73.0,6.0
76,Eonwe,927,42695,False,75.0,7.0
77,Edrahil,926,56991,False,75.0,7.0
78,Aerin,924,29934,False,77.0,8.0
79,Elendil,921,45725,False,77.0,8.0
80,Felagund,921,18840,False,79.0,9.0
81,Noldor,919,88520,False,79.0,9.0
82,Maeglin,917,4434,False,81.0,10.0
83,Legolin,917,61315,False,81.0,10.0
84,Arciryas,917,79651,False,83.0,11.0
85,Eol,913,78644,False,83.0,11.0
86,Celebrindor,912,4923,False,85.0,12.0
87,Valar,912,67412,False,85.0,12.0
88,Gimli,909,575,False,87.0,13.0
89,Arminas,909,2469,False,87.0,13.0
90,Bauglir,909,85012,False,89.0,14.0
91,Arvandor,908,41216,False,89.0,14.0
92,Nienna,907,86242,False,91.0,15.0
93,Agarwaen,906,62587,False,91.0,15.0
94,Bereth,905,72774,False,93.0,16.0
95,Ekkaia,904,75997,False,93.0,16.0
96,Arien,902,23864,False,95.0,17.0
97,Eol,901,96953,False,95.0,17.0
98,Earendil,901,35552,False,97.0,1.0
99,Mablung,898,82337,False,97.0,1.0
100,Mablung,897,40830,False,99.0,2.0
101,Brethil,897,85450,False,99.0,2.0
102,Eilinel,897,72714,False,101.0,3.0
103,Celebrant,896,42167,False,101.0,3.0
104,Amdir,896,83158,False,103.0,4.0
105,Elmo,896,12431,False,103.0,4.0
106,Thule,895,57080,False,105.0,5.0
107,Eilinel,895,89375,False,105.0,5.0
108,Eldarion,895,80128,False,107.0,6.0
109,Orome,894,51143,False,107.0,6.0
110,Orcrist,893,82866,False,109.0,7.0
111,Celeborn,887,11790,False,109.0,7.0
112,Aranel,886,68635,False,111.0,8.0
113,Cirdan,881,42350,False,111.0,8.0
114,Yavannie,881,81820,False,113.0,9.0
115,Edrahil,879,75715,False,113.0,9.0
116,Almaren,878,49030,False,115.0,10.0
117,Andor,877,62797,False,115.0,10.0
118,Draugluin,876,59620,False,117.0,11.0
119,Denethor,874,44424,False,117.0,11.0
120,Earnil,873,54190,False,119.0,12.0
121,Ecthelion,872,10423,False,119.0,12.0
122,Belfalas,872,46587,False,121.0,13.0
123,Elwing,868,12753,False,121.0,13.0
124,Boromir,867,21783,False,123.0,14.0
125,Felagund,866,10574,False,123.0,14.0
126,Cormallen,863,57722,False,125.0,15.0
127,Arminas,862,553,False,125.0,15.0
128,Rohirrim,861,19553,False,127.0,16.0
129,Huan,861,10896,False,127.0,16.0
130,Barahir,859,35744,False,129.0,17.0
131,Enerdhil,858,72985,False,129.0,17.0
132,Elurin,857,84893,False,131.0,1.0
133,Ancalagon,855,926,False,131.0,1.0
134,Arvernien,855,94705,False,133.0,2.0
135,Aragorn,854,29052,False,133.0,2.0
136,Legolin,854,32568,False,135.0,3.0
137,Boromir,854,74497,False,135.0,3.0
138,Eol,853,55834,False,137.0,4.0
139,Varda,852,84534,False,137.0,4.0
140,Eolande,852,2643,False,139.0,5.0
141,Eowyn,851,10058,False,139.0,5.0
142,Elenwe,849,36331,False,141.0,6.0
143,Varda,848,96060,False,141.0,6.0
144,Daeron,847,11797,False,143.0,7.0
145,Gil-galad,845,43797,False,143.0,7.0
146,Feanor,845,45194,False,145.0,8.0
147,Thule,845,12392,False,145.0,8.0
148,Boromir,844,79268,False,147.0,9.0
149,Dagnir,842,65847,False,147.0,9.0
150,Yavannie,841,51069,False,149.0,10.0
151,Edain,839,38444,False,149.0,10.0
152,Cormallen,837,746,False,151.0,11.0
153,Curufinwe,835,66130,False,151.0,11.0
154,Celebrimbor,831,13763,False,153.0,12.0
155,Elenwe,831,91539,False,153.0,12.0
156,Nandor,831,3809,False,155.0,13.0
157,Andor,831,63211,False,155.0,13.0
158,Earendur,830,3368,False,157.0,14.0
159,Edain,829,28928,False,157.0,14.0
160,Artanis,824,40067,False,159.0,15.0
161,Ancalagon,823,88072,False,159.0,15.0
162,Echoriath,823,91404,False,161.0,16.0
163,Earendur,823,1295,False,161.0,16.0
164,Galadriel,822,77295,False,163.0,17.0
165,Vingilot,820,4450,False,163.0,17.0
166,Valinor,820,52802,False,165.0,1.0
167,Arminas,820,221,False,165.0,1.0
168,Arda,819,51686,False,167.0,2.0
169,Gimli,819,34845,False,167.0,2.0
170,Bor,816,47608,False,169.0,3.0
171,Narya,813,27413,False,169.0,3.0
172,Balan,813,57811,False,171.0,4.0
173,Annatar,812,20332,False,171.0,4.0
174,Ancalagon,810,99906,False,173.0,5.0
175,Dairuin,807,61689,False,173.0,5.0
176,Beleriand,806,73175,False,175.0,6.0
177,Vereesa,803,42067,False,175.0,6.0
178,Frodo,803,26821,False,177.0,7.0
179,Arnor,802,77435,False,177.0,7.0
180,Dorlas,802,80095,False,179.0,8.0
181,Elendil,801,97588,False,179.0,8.0
182,Anfauglir,800,59129,False,181.0,9.0
183,Edrahil,799,71946,False,181.0,9.0
184,Eolande,798,56643,False,183.0,10.0
185,Ilmare,796,40931,False,183.0,10.0
186,Elandorr,794,85605,False,185.0,11.0
187,Finwe,793,22872,False,185.0,11.0
188,Beren,792,36077,False,187.0,12.0
189,Arciryas,792,73462,False,187.0,12.0
190,Gwindor,791,66963,False,189.0,13.0
191,Boromir,789,38767,False,189.0,13.0
192,Ossiriand,789,22096,False,191.0,14.0
193,Nenya,789,96314,False,191.0,14.0
194,Amdir,788,99594,False,193.0,15.0
195,Bereth,787,91472,False,193.0,15.0
196,Dwalin,787,59563,False,195.0,16.0
197,Aerandir,787,76854,False,195.0,16.0
198,Aerin,787,80284,False,197.0,17.0
199,Beren,784,88098,False,197.0,17.0
200,Barad,784,66667,False,199.0,1.0
201,Imrahil,783,12754,False,199.0,1.0
202,Bauglir,783,50447,False,201.0,2.0
203,Earendur,781,20113,False,201.0,2.0
204,Eolande,780,43662,False,203.0,3.0
205,Calacirya,780,94294,False,203.0,3.0
206,Cirdan,779,47567,False,205.0,4.0
207,Belegund,778,43785,False,205.0,4.0
208,Elwe,778,48996,False,207.0,5.0
209,Gelmir,778,31906,False,207.0,5.0
210,Elanor,775,40386,False,209.0,6.0
211,Elanor,774,18655,False,209.0,6.0
212,Bund,774,46803,False,211.0,7.0
213,Rivendell,774,3968,False,211.0,7.0
214,Elwe,773,50497,False,213.0,8.0
215,Denethor,773,23034,False,213.0,8.0
216,Thule,773,69366,False,215.0,9.0
217,Argon,771,42132,False,215.0,9.0
218,Elatan,769,5597,False,217.0,10.0
219,Beleriand,768,24358,False,217.0,10.0
220,Finwe,766,43085,False,219.0,11.0
221,Aule,766,64710,False,219.0,11.0
222,Durin,765,11325,False,221.0,12.0
223,Ecthelion,764,47521,False,221.0,12.0
224,Aredhel,762,7688,False,223.0,13.0
225,Agarwaen,759,29121,False,223.0,13.0
226,Balador,759,46003,False,225.0,14.0
227,Haldir,759,63945,False,225.0,14.0
228,Elanor,758,8080,False,227.0,15.0
229,Rohirrim,758,14361,False,227.0,15.0
230,Orome,757,83556,False,229.0,16.0
231,Aikanaro,757,11180,False,229.0,16.0
232,Finwe,757,16678,False,231.0,17.0
233,Dorthonion,757,75531,False,231.0,17.0
234,Edrahil,757,2361,False,233.0,1.0
235,Ecthelion,756,430,False,233.0,1.0
236,Ilmare,754,35779,False,235.0,2.0
237,Elwing,754,76691,False,235.0,2.0
238,Araman,750,49946,False,237.0,3.0
239,Cabed,750,12938,False,237.0,3.0
240,Amdir,749,50081,False,239.0,4.0
241,Varda,749,86211,False,239.0,4.0
242,Edrahil,748,34968,False,241.0,5.0
243,Feanor,748,28031,False,241.0,5.0
244,Nimrodel,747,65783,False,243.0,6.0
245,Celeborn,747,20725,False,243.0,6.0
246,Vingilot,745,83703,False,245.0,7.0
247,Dorlas,744,78402,False,245.0,7.0
248,Manwe,744,38319,False,247.0,8.0
249,Barad,742,87642,False,247.0,8.0
250,Aranel,740,87843,False,249.0,9.0
251,Earendur,740,34199,False,249.0,9.0
252,Oropher,740,69159,False,251.0,10.0
253,Dairuin,738,60732,False,251.0,10.0
254,Valar,738,49649,False,253.0,11.0
255,Arvernien,737,59395,False,253.0,11.0
256,Ilmare,737,7835,False,255.0,12.0
257,Celebrimbor,736,75177,False,255.0,12.0
258,Inglor,734,44757,False,257.0,13.0
259,Osse,734,85319,False,257.0,13.0
260,Aranel,732,93979,False,259.0,14.0
261,Denethor,732,79201,False,259.0,14.0
262,Elrond,731,34867,False,261.0,15.0
263,Legolas,730,32161,False,261.0,15.0
264,Araman,729,78848,False,263.0,16.0
265,Enerdhil,728,95302,False,263.0,16.0
266,Arod,727,13100,False,265.0,17.0
267,Bor,727,65527,False,265.0,17.0
268,Eithel,725,94463,False,267.0,1.0
269,Yavannie,725,35086,False,267.0,1.0
270,Beren,723,84367,False,269.0,2.0
271,Andor,721,26950,False,269.0,2.0
272,Dorlas,721,71753,False,271.0,3.0
273,Imrahil,720,574,False,271.0,3.0
274,Daeron,718,4526,False,273.0,4.0
275,Valandil,717,83654,False,273.0,4.0
276,Arminas,716,17724,False,275.0,5.0
277,Dorlas,715,11235,False,275.0,5.0
278,Legolin,714,2324,False,277.0,6.0
279,Bor,712,80427,False,277.0,6.0
280,Ancalagon,711,60322,False,279.0,7.0
281,Halifirien,709,23073,False,279.0,7.0
282,Dorthonion,706,70783,False,281.0,8.0
283,Elenwe,705,8707,False,281.0,8.0
284,Bor,705,70168,False,283.0,9.0
285,Orcrist,704,21722,False,283.0,9.0
286,Caranthir,703,13942,False,285.0,10.0
287,Bregor,702,16882,False,285.0,10.0
288,Anfauglir,699,97389,False,287.0,11.0
289,Anfauglith,699,8251,False,287.0,11.0
290,Luthien,697,5903,False,289.0,12.0
291,Lorien,697,99364,False,289.0,12.0
292,Belfalas,694,1815,False,291.0,13.0
293,Gwindor,693,44816,False,291.0,13.0
294,Branda,691,19712,False,293.0,14.0
295,Calacirya,690,97745,False,293.0,14.0
296,Ioreth,689,14114,False,295.0,15.0
297,Gimli,689,63121,False,295.0,15.0
298,Bregor,686,55019,False,297.0,16.0
299,Inglor,683,98991,False,297.0,16.0
300,Ilmare,681,38054,False,299.0,17.0
301,Arda,679,90751,False,299.0,17.0
302,Thingol,679,39983,False,301.0,1.0
303,Arvandor,678,1096,False,301.0,1.0
304,Almaren,677,5074,False,303.0,2.0
305,Dwalin,677,41283,False,303.0,2.0
306,Olorin,675,94675,False,305.0,3.0
307,Valar,675,885,False,305.0,3.0
308,Legolas,675,32160,False,307.0,4.0
309,Felagund,674,4889,False,307.0,4.0
310,Elatan,672,51001,False,309.0,5.0
311,Edain,672,81806,False,309.0,5.0
312,Belegund,670,80806,False,311.0,6.0
313,Nienna,668,61067,False,311.0,6.0
314,Balar,667,84229,False,313.0,7.0
315,Curufinwe,666,82710,False,313.0,7.0
316,Arod,665,81944,False,315.0,8.0
317,Almaren,664,5775,False,315.0,8.0
318,Bregolas,664,49563,False,317.0,9.0
319,Duilin,664,56718,False,317.0,9.0
320,Windrunner,662,10108,False,319.0,10.0
321,Arquen,661,46348,False,319.0,10.0
322,Beleg,660,62522,False,321.0,11.0
323,Elatan,660,30087,False,321.0,11.0
324,Arvernien,659,51929,False,323.0,12.0
325,Celebrimbor,659,49670,False,323.0,12.0
326,Nenya,659,23914,False,325.0,13.0
327,Valar,659,66384,False,325.0,13.0
328,Turgon,655,43639,False,327.0,14.0
329,Vereesa,655,95963,False,327.0,14.0
330,Durin,653,41808,False,329.0,15.0
331,Dorthonion,651,96170,False,329.0,15.0
332,Arquen,651,47780,False,331.0,16.0
333,Ossiriand,649,81130,False,331.0,16.0
334,Anfauglith,648,18945,False,333.0,17.0
335,Windrunner,647,71469,False,333.0,17.0
336,Anfauglith,647,87028,False,335.0,1.0
337,Tinuviel,646,41242,False,335.0,1.0
338,Elmo,645,28014,False,337.0,2.0
339,Valandil,643,43739,False,337.0,2.0
340,Enerdhil,643,28130,False,339.0,3.0
341,Ecthelion,642,92685,False,339.0,3.0
342,Elatan,641,10426,False,341.0,4.0
343,Radagast,640,78906,False,341.0,4.0
344,Rohirrim,639,44489,False,343.0,5.0
345,Beren,638,54680,False,343.0,5.0
346,Arminas,637,23410,False,345.0,6.0
347,Beren,635,28626,False,345.0,6.0
348,Narya,635,94465,False,347.0,7.0
349,Mithrandir,634,4554,False,347.0,7.0
350,Cirith,633,67850,False,349.0,8.0
351,Celegorm,633,23588,False,349.0,8.0
352,Beleg,631,40072,False,351.0,9.0
353,Brimo,630,67576,False,351.0,9.0
354,Ecthelion,629,44125,False,353.0,10.0
355,Arnor,626,92384,False,353.0,10.0
356,Earnil,625,43066,False,355.0,11.0
357,Aerandir,625,86650,False,355.0,11.0
358,Draugluin,625,47992,False,357.0,12.0
359,Brethil,625,49341,False,357.0,12.0
360,Ecthelion,624,49766,False,359.0,13.0
361,Earendur,623,81062,False,359.0,13.0
362,Araman,621,32205,False,361.0,14.0
363,Palantir,619,54420,False,361.0,14.0
364,Nargothrond,619,33957,False,363.0,15.0
365,Arvernien,618,80657,False,363.0,15.0
366,Elensar,618,83916,False,365.0,16.0
367,Orome,617,65088,False,365.0,16.0
368,Feanor,617,24969,False,367.0,17.0
369,Ossiriand,616,81130,False,367.0,17.0
370,Andunie,615,50154,False,369.0,1.0
371,Bauglir,614,98912,False,369.0,1.0
372,Oropher,613,72746,False,371.0,2.0
373,Tinuviel,613,76831,False,371.0,2.0
374,Beren,612,81623,False,373.0,3.0
375,Durin,609,94751,False,373.0,3.0
376,Elendil,608,28085,False,375.0,4.0
377,Avathar,608,68068,False,375.0,4.0
378,Frodo,607,21006,False,377.0,5.0
379,Yavannie,606,47170,False,377.0,5.0
380,Dagnir,606,46589,False,379.0,6.0
381,Elanor,605,25023,False,379.0,6.0
382,Caranthir,605,49844,False,381.0,7.0
383,Anghabar,605,76531,False,381.0,7.0
384,Eomer,604,62263,False,383.0,8.0
385,Boromir,604,54461,False,383.0,8.0
386,Annatar,604,41186,False,385.0,9.0
387,Rivendell,603,28647,False,385.0,9.0
388,Elanor,600,3817,False,387.0,10.0
389,Celebrimbor,598,13248,False,387.0,10.0
390,Avathar,596,82069,False,389.0,11.0
391,Haldir,595,61527,False,389.0,11.0
392,Eowyn,593,78588,False,391.0,12.0
393,Earnil,593,28218,False,391.0,12.0
394,Gimli,590,31887,False,393.0,13.0
395,Valandil,589,35477,False,393.0,13.0
396,Earendur,589,69464,False,395.0,14.0
397,Daeron,588,97019,False,395.0,14.0
398,Bund,587,5492,False,397.0,15.0
399,Eol,586,54506,False,397.0,15.0
400,Ioreth,586,62105,False,399.0,16.0
401,Brethil,586,44956,False,399.0,16.0
402,Draugluin,583,42008,False,401.0,17.0
403,Ossiriand,582,31236,False,401.0,17.0
404,Faramir,581,15490,False,403.0,1.0
405,Andor,581,11628,False,403.0,1.0
406,Nimloth,580,29152,False,405.0,2.0
407,Earendur,580,84750,False,405.0,2.0
408,Silmaril,577,47725,False,407.0,3.0
409,Glorifindel,576,46285,False,407.0,3.0
410,Aragorn,576,50501,False,409.0,4.0
411,Huan,575,43945,False,409.0,4.0
412,Aratan,573,76666,False,411.0,5.0
413,Ungoliant,572,75234,False,411.0,5.0
414,Legolas,569,4211,False,413.0,6.0
415,Baragund,569,32585,False,413.0,6.0
416,Elendil,568,63929,False,415.0,7.0
417,Glorfindel,567,46197,False,415.0,7.0
418,Elwe,567,11529,False,417.0,8.0
419,Namo,565,21481,False,417.0,8.0
420,Maeglin,565,56816,False,419.0,9.0
421,Balar,564,97901,False,419.0,9.0
422,Brethil,564,46669,False,421.0,10.0
423,Uinen,562,36362,False,421.0,10.0
424,Ringil,562,19876,False,423.0,11.0
425,Turgon,561,55850,False,423.0,11.0
426,Eol,560,9548,False,425.0,12.0
427,Aragorn,560,67374,False,425.0,12.0
428,Imrahil,560,43203,False,427.0,13.0
429,Cirdan,560,64758,False,427.0,13.0
430,Calacirya,560,273,False,429.0,14.0
431,Ambarussa,559,6701,False,429.0,14.0
432,Mandos,557,85600,False,431.0,15.0
433,Eithel,555,73876,False,431.0,15.0
434,Ancalagon,555,35235,False,433.0,16.0
435,Ecthelion,554,11969,False,433.0,16.0
436,Elatan,553,81707,False,435.0,17.0
437,Nargothrond,553,14361,False,435.0,17.0
438,Ioreth,551,6354,False,437.0,1.0
439,Legolin,551,62337,False,437.0,1.0
440,Earendur,551,49427,False,439.0,2.0
441,Barad,550,71576,False,439.0,2.0
442,Cirith,549,39149,False,441.0,3.0
443,Anghabar,549,56801,False,441.0,3.0
444,Eluchil,548,85539,False,443.0,4.0
445,Haldor,547,69085,False,443.0,4.0
446,Cormallen,545,93951,False,445.0,5.0
447,Calacirya,544,44736,False,445.0,5.0
448,Anaire,542,74969,False,447.0,6.0
449,Armenelos,540,3357,False,447.0,6.0
450,Aikanaro,538,32151,False,449.0,7.0
451,Earendur,537,30284,False,449.0,7.0
452,Elatan,537,69929,False,451.0,8.0
453,Noldor,535,28093,False,451.0,8.0
454,Maeglin,534,45679,False,453.0,9.0
455,Argon,533,551,False,453.0,9.0
456,Ossiriand,533,80403,False,455.0,10.0
457,Felagund,533,36735,False,455.0,10.0
458,Dairuin,532,7708,False,457.0,11.0
459,Uinen,531,63546,False,457.0,11.0
460,Angrod,529,72961,False,459.0,12.0
461,Durin,528,40862,False,459.0,12.0
462,Arquen,528,3459,False,461.0,13.0
463,Mandos,527,42706,False,461.0,13.0
464,Bor,527,53604,False,463.0,14.0
465,Bor,526,93657,False,463.0,14.0
466,Arvernien,525,75325,False,465.0,15.0
467,Cormallen,525,22201,False,465.0,15.0
468,Ecthelion,520,2154,False,467.0,16.0
469,Aranwe,518,18605,False,467.0,16.0
470,Gil-galad,517,11598,False,469.0,17.0
471,Denethor,516,29750,False,469.0,17.0
472,Ingwe,514,21249,False,471.0,1.0
473,Cormallen,513,19934,False,471.0,1.0
474,Brandir,512,89234,False,473.0,2.0
475,Turgon,512,40876,False,473.0,2.0
476,Inglor,512,29677,False,475.0,3.0
477,Beleriand,511,11524,False,475.0,3.0
478,Gildor,510,99563,False,477.0,4.0
479,Elanor,510,20998,False,477.0,4.0
480,Thingol,510,83657,False,479.0,5.0
481,Duilin,509,14717,False,479.0,5.0
482,Legolas,508,54925,False,481.0,6.0
483,Belegund,508,83933,False,481.0,6.0
484,Annatar,507,47492,False,483.0,7.0
485,Branda,507,77301,False,483.0,7.0
486,Noldor,506,18159,False,485.0,8.0
487,Cabed,504,50027,False,485.0,8.0
488,Elured,504,2441,False,487.0,9.0
489,Nimrodel,502,78680,False,487.0,9.0
490,Cabed,502,11022,False,489.0,10.0
491,Maeglin,501,85371,False,489.0,10.0
492,Narya,500,83581,False,491.0,11.0
493,Mithrandir,500,43879,False,491.0,11.0
494,Vereesa,500,76238,False,493.0,12.0
495,Avathar,499,42757,False,493.0,12.0
496,Arvernien,499,30734,False,495.0,13.0
497,Eilinel,498,30606,False,495.0,13.0
498,Legolas,496,73424,False,497.0,14.0
499,Arod,496,49996,False,497.0,14.0
500,Baragund,495,68548,False,499.0,15.0
501,Thranduil,494,76628,False,499.0,15.0
502,Aegnor,492,9356,False,501.0,16.0
503,Valinor,492,26523,False,501.0,16.0
504,Caranthir,490,39136,False,503.0,17.0
505,Bregolas,487,21439,False,503.0,17.0
506,Belegund,485,4067,False,505.0,1.0
507,Aerandir,480,50865,False,505.0,1.0
508,Narsil,479,74079,False,507.0,2.0
509,Lorien,479,97429,False,507.0,2.0
510,Elwing,479,78758,False,509.0,3.0
511,Finwe,478,45857,False,509.0,3.0
512,Elwe,478,62967,False,511.0,4.0
513,Branda,477,2147,False,511.0,4.0
514,Manwe,476,65166,False,513.0,5.0
515,Elwe,471,29438,False,513.0,5.0
516,Aerandir,470,20604,False,515.0,6.0
517,Eonwe,468,51201,False,515.0,6.0
518,Haldir,467,61216,False,517.0,7.0
519,Araman,467,32483,False,517.0,7.0
520,Arnor,466,29917,False,519.0,8.0
521,Eluchil,466,89864,False,519.0,8.0
522,Cirdan,465,14338,False,521.0,9.0
523,Maedhros,465,54259,False,521.0,9.0
524,Maeglin,465,81894,False,523.0,10.0
525,Amdir,464,56200,False,523.0,10.0
526,Ecthelion,463,11638,False,525.0,11.0
527,Isildur,462,99317,False,525.0,11.0
528,Finwe,461,63289,False,527.0,12.0
529,Egalmoth,460,46583,False,527.0,12.0
530,Elaethan,459,61496,False,529.0,13.0
531,Thule,459,2023,False,529.0,13.0
532,Elendil,459,55551,False,531.0,14.0
533,Eluchil,457,23922,False,531.0,14.0
534,Caranthir,457,37383,False,533.0,15.0
535,Tinuviel,456,79760,False,533.0,15.0
536,Angrod,455,13578,False,535.0,16.0
537,Faramir,455,23839,False,535.0,16.0
538,Barad,451,50481,False,537.0,17.0
539,Armenelos,448,30938,False,537.0,17.0
540,Andor,448,14335,False,539.0,1.0
541,Nenya,447,40963,False,539.0,1.0
542,Agarwaen,445,30254,False,541.0,2.0
543,Osse,445,7311,False,541.0,2.0
544,Elaethan,443,50189,False,543.0,3.0
545,Durin,441,71395,False,543.0,3.0
546,Frodo,441,41349,False,545.0,4.0
547,Dagnir,440,44798,False,545.0,4.0
548,Aranel,440,13737,False,547.0,5.0
549,Brimo,438,17415,False,547.0,5.0
550,Arda,437,71492,False,549.0,6.0
551,Elensar,436,99834,False,549.0,6.0
552,Amroth,435,16477,False,551.0,7.0
553,Belegund,435,59800,False,551.0,7.0
554,Earendur,434,46057,False,553.0,8.0
555,Orcrist,434,15369,False,553.0,8.0
556,Curufin,433,29853,False,555.0,9.0
557,Oropher,433,41659,False,555.0,9.0
558,Dairuin,432,22847,False,557.0,10.0
559,Elanor,432,37091,False,557.0,10.0
560,Andor,431,47293,False,559.0,11.0
561,Bor,427,47238,False,559.0,11.0
562,Calacirya,424,84766,False,561.0,12.0
563,Curufin,423,98875,False,561.0,12.0
564,Calacirya,423,89244,False,563.0,13.0
565,Namo,423,28339,False,563.0,13.0
566,Uinen,421,56498,False,565.0,14.0
567,Ecthelion,420,32035,False,565.0,14.0
568,Telperion,420,61139,False,567.0,15.0
569,Barahir,417,78611,False,567.0,15.0
570,Thule,416,18746,False,569.0,16.0
571,Tuor,415,30545,False,569.0,16.0
572,Curufin,413,47977,False,571.0,17.0
573,Orcrist,413,40572,False,571.0,17.0
574,Mithrandir,413,44935,False,573.0,1.0
575,Telperion,413,17257,False,573.0,1.0
576,Belegund,411,15342,False,575.0,2.0
577,Indis,411,77890,False,575.0,2.0
578,Aredhel,408,42990,False,577.0,3.0
579,Elanor,407,27190,False,577.0,3.0
580,Andor,407,13930,False,579.0,4.0
581,Radagast,406,81638,False,579.0,4.0
582,Elrond,405,90535,False,581.0,5.0
583,Imrahil,404,62491,False,581.0,5.0
584,Arminas,400,99985,False,583.0,6.0
585,Balan,400,1509,False,583.0,6.0
586,Windrunner,400,99754,False,585.0,7.0
587,Aredhel,399,27112,False,585.0,7.0
588,Belegund,399,63216,False,587.0,8.0
589,Eolande,397,6876,False,587.0,8.0
590,Cemendur,394,11197,False,589.0,9.0
591,Boromir,394,47694,False,589.0,9.0
592,Eomer,392,26885,False,591.0,10.0
593,Luthien,392,66585,False,591.0,10.0
594,Maedhros,392,57177,False,593.0,11.0
595,Dwalin,390,54116,False,593.0,11.0
596,Belegund,388,63374,False,595.0,12.0
597,Curufin,388,51064,False,595.0,12.0
598,Balador,388,71902,False,597.0,13.0
599,Elu,387,76145,False,597.0,13.0
600,Orome,387,24410,False,599.0,14.0
601,Eol,383,35261,False,599.0,14.0
602,Araman,383,77632,False,601.0,15.0
603,Boromir,383,55965,False,601.0,15.0
604,Elandorr,382,56343,False,603.0,16.0
605,Eowyn,380,40347,False,603.0,16.0
606,Nargothrond,380,58723,False,605.0,17.0
607,Elmo,379,93820,False,605.0,17.0
608,Elatan,378,62813,False,607.0,1.0
609,Haldor,377,68821,False,607.0,1.0
610,Andor,376,89071,False,609.0,2.0
611,Elendil,373,962,False,609.0,2.0
612,Maedhros,372,44785,False,611.0,3.0
613,Beleriand,372,76911,False,611.0,3.0
614,Tinuviel,372,66770,False,613.0,4.0
615,Brimo,371,76030,False,613.0,4.0
616,Finarfin,371,73250,False,615.0,5.0
617,Elatan,370,54846,False,615.0,5.0
618,Eluchil,368,92721,False,617.0,6.0
619,Denethor,367,80607,False,617.0,6.0
620,Barad,366,90808,False,619.0,7.0
621,Elandorr,365,86099,False,619.0,7.0
622,Vereesa,365,83851,False,621.0,8.0
623,Ancalagon,362,22768,False,621.0,8.0
624,Elmo,361,60445,False,623.0,9.0
625,Gelmir,360,80471,False,623.0,9.0
626,Celebros,359,77075,False,625.0,10.0
627,Arvandor,357,43833,False,625.0,10.0
628,Cirdan,355,75621,False,627.0,11.0
629,Amroth,354,37140,False,627.0,11.0
630,Brethil,353,85278,False,629.0,12.0
631,Gwindor,351,75421,False,629.0,12.0
632,Aerandir,350,67235,False,631.0,13.0
633,Orome,349,65996,False,631.0,13.0
634,Celebros,345,27899,False,633.0,14.0
635,Thule,345,62737,False,633.0,14.0
636,Arda,345,89179,False,635.0,15.0
637,Dwalin,344,6602,False,635.0,15.0
638,Eithel,343,48798,False,637.0,16.0
639,Ecthelion,343,76200,False,637.0,16.0
640,Anghabar,341,56535,False,639.0,17.0
641,Anfauglir,340,91521,False,639.0,17.0
642,Silmaril,338,86128,False,641.0,1.0
643,Balador,336,9908,False,641.0,1.0
644,Elu,335,87593,False,643.0,2.0
645,Elatan,335,32097,False,643.0,2.0
646,Cabed,335,73005,False,645.0,3.0
647,Vereesa,333,35642,False,645.0,3.0
648,Beleriand,331,76723,False,647.0,4.0
649,Luthien,329,96421,False,647.0,4.0
650,Boromir,329,17179,False,649.0,5.0
651,Mablung,327,72355,False,649.0,5.0
652,Cirith,327,70607,False,651.0,6.0
653,Annatar,326,69779,False,651.0,6.0
654,Calacirya,326,94262,False,653.0,7.0
655,Cormallen,325,14793,False,653.0,7.0
656,Dorlas,321,28928,False,655.0,8.0
657,Gelmir,321,66432,False,655.0,8.0
658,Belfalas,320,54466,False,657.0,9.0
659,Durin,319,38001,False,657.0,9.0
660,Silmaril,319,37989,False,659.0,10.0
661,Orcrist,316,2751,False,659.0,10.0
662,Earendur,315,94884,False,661.0,11.0
663,Nienna,314,4760,False,661.0,11.0
664,Arien,314,34680,False,663.0,12.0
665,Aragorn,311,49966,False,663.0,12.0
666,Edrahil,310,61349,False,665.0,13.0
667,Ioreth,309,74724,False,665.0,13.0
668,Narsil,309,89907,False,667.0,14.0
669,Daeron,308,22091,False,667.0,14.0
670,Celegorm,306,38982,False,669.0,15.0
671,Celebrimbor,306,7155,False,669.0,15.0
672,Dagnir,306,92505,False,671.0,16.0
673,Beleriand,305,33568,False,671.0,16.0
674,Luthien,305,84793,False,673.0,17.0
675,Arciryas,302,21293,False,673.0,17.0
676,Rivendell,302,84981,False,675.0,1.0
677,Dagnir,300,59913,False,675.0,1.0
678,Aerandir,299,57100,False,677.0,2.0
679,Earendur,297,22416,False,677.0,2.0
680,Ossiriand,295,96956,False,679.0,3.0
681,Manwe,295,7135,False,679.0,3.0
682,Eolande,294,79908,False,681.0,4.0
683,Eithel,294,66129,False,681.0,4.0
684,Barad,291,15930,False,683.0,5.0
685,Brethil,290,42418,False,683.0,5.0
686,Galadriel,290,79159,False,685.0,6.0
687,Amroth,289,21648,False,685.0,6.0
688,Brethil,289,67750,False,687.0,7.0
689,Brimo,288,91772,False,687.0,7.0
690,Aegnor,287,99193,False,689.0,8.0
691,Celegorm,287,33350,False,689.0,8.0
692,Arnor,287,99558,False,691.0,9.0
693,Beleriand,285,79573,False,691.0,9.0
694,Eowyn,285,35593,False,693.0,10.0
695,Anfauglir,285,95164,False,693.0,10.0
696,Amroth,282,31015,False,695.0,11.0
697,Earendur,278,68707,False,695.0,11.0
698,Dior,278,81991,False,697.0,12.0
699,Celegorm,278,43046,False,697.0,12.0
700,Earendur,273,45092,False,699.0,13.0
701,Earnil,272,985,False,699.0,13.0
702,Arvernien,272,35547,False,701.0,14.0
703,Angainor,272,96400,False,701.0,14.0
704,Rohirrim,271,28522,False,703.0,15.0
705,Ambarussa,270,69426,False,703.0,15.0
706,Narya,270,11971,False,705.0,16.0
707,Nimrodel,269,96407,False,705.0,16.0
708,Vingilot,268,5375,False,707.0,17.0
709,Eowyn,268,60815,False,707.0,17.0
710,Arminas,268,98939,False,709.0,1.0
711,Isildur,266,93986,False,709.0,1.0
712,Cormallen,266,64470,False,711.0,2.0
713,Celebrimbor,265,65027,False,711.0,2.0
714,Ossiriand,263,35687,False,713.0,3.0
715,Orome,260,7115,False,713.0,3.0
716,Arvernien,260,43986,False,715.0,4.0
717,Araman,259,68757,False,715.0,4.0
718,Aragorn,258,64179,False,717.0,5.0
719,Aredhel,257,55944,False,717.0,5.0
720,Ekkaia,256,90951,False,719.0,6.0
721,Denethor,256,56192,False,719.0,6.0
722,Halifirien,255,90444,False,721.0,7.0
723,Durin,255,9672,False,721.0,7.0
724,Curufinwe,254,63240,False,723.0,8.0
725,Beren,254,33817,False,723.0,8.0
726,Rivendell,253,35495,False,725.0,9.0
727,Ioreth,250,73364,False,725.0,9.0
728,Celegorm,250,25752,False,727.0,10.0
729,Eithel,249,7751,False,727.0,10.0
730,Olorin,248,48122,False,729.0,11.0
731,Beleriand,244,98948,False,729.0,11.0
732,Elanor,240,5180,False,731.0,12.0
733,Rohirrim,238,73734,False,731.0,12.0
734,Morgoth,238,26225,False,733.0,13.0
735,Dagnir,238,1516,False,733.0,13.0
736,Dwalin,236,67860,False,735.0,14.0
737,Manwe,236,99359,False,735.0,14.0
738,Vereesa,235,9517,False,737.0,15.0
739,Boromir,235,5705,False,737.0,15.0
740,Aerandir,235,75264,False,739.0,16.0
741,Morgoth,234,74303,False,739.0,16.0
742,Dwalin,234,57107,False,741.0,17.0
743,Earendur,234,90565,False,741.0,17.0
744,Balador,234,31100,False,743.0,1.0
745,Beleriand,233,19789,False,743.0,1.0
746,Eomer,232,69017,False,745.0,2.0
747,Silmaril,231,46658,False,745.0,2.0
748,Arminas,231,3004,False,747.0,3.0
749,Araglas,231,45781,False,747.0,3.0
750,Tuor,230,48455,False,749.0,4.0
751,Beren,228,29279,False,749.0,4.0
752,Ioreth,228,46562,False,751.0,5.0
753,Arciryas,228,18853,False,751.0,5.0
754,Edrahil,225,68420,False,753.0,6.0
755,Elatan,225,15758,False,753.0,6.0
756,Ilmare,225,41972,False,755.0,7.0
757,Elatan,224,76183,False,755.0,7.0
758,Boromir,223,66575,False,757.0,8.0
759,Arien,219,5047,False,757.0,8.0
760,Aerandir,218,47740,False,759.0,9.0
761,Arquen,217,7782,False,759.0,9.0
762,Daeron,213,72486,False,761.0,10.0
763,Ungoliant,213,61701,False,761.0,10.0
764,Yavanna,211,13749,False,763.0,11.0
765,Nimrodel,211,31976,False,763.0,11.0
766,Daeron,209,94281,False,765.0,12.0
767,Elaethan,208,27389,False,765.0,12.0
768,Ecthelion,206,3666,False,767.0,13.0
769,Arminas,204,73618,False,767.0,13.0
770,Barahir,204,23341,False,769.0,14.0
771,Huan,203,81196,False,769.0,14.0
772,Enerdhil,201,94148,False,771.0,15.0
773,Anfauglir,200,26448,False,771.0,15.0
774,Tuor,200,99081,False,773.0,16.0
775,Aredhel,199,53322,False,773.0,16.0
776,Arda,198,19625,False,775.0,17.0
777,Elenwe,197,85777,False,775.0,17.0
778,Eomer,195,73044,False,777.0,1.0
779,Cirith,193,52845,False,777.0,1.0
780,Agarwaen,192,87607,False,779.0,2.0
781,Maedhros,191,43927,False,779.0,2.0
782,Aule,190,71550,False,781.0,3.0
783,Anaire,190,52940,False,781.0,3.0
784,Dagnir,189,45113,False,783.0,4.0
785,Amon,189,37880,False,783.0,4.0
786,Argon,188,10437,False,785.0,5.0
787,Gil-galad,187,3671,False,785.0,5.0
788,Aranwe,185,1203,False,787.0,6.0
789,Draugluin,185,19973,False,787.0,6.0
790,Gil-galad,185,53742,False,789.0,7.0
791,Cemendur,184,30576,False,789.0,7.0
792,Earnil,184,72983,False,791.0,8.0
793,Varda,183,4472,False,791.0,8.0
794,Amroth,183,23252,False,793.0,9.0
795,Beleg,182,3255,False,793.0,9.0
796,Cirdan,181,78970,False,795.0,10.0
797,Dorlas,178,64281,False,795.0,10.0
798,Gelmir,177,75713,False,797.0,11.0
799,Dorthonion,176,40036,False,797.0,11.0
800,Anfauglith,176,59205,False,799.0,12.0
801,Annatar,174,29459,False,799.0,12.0
802,Cemendur,173,75439,False,801.0,13.0
803,Faramir,173,57063,False,801.0,13.0
804,Egalmoth,173,67573,False,803.0,14.0
805,Ungoliant,172,64066,False,803.0,14.0
806,Denethor,171,73917,False,805.0,15.0
807,Legolas,170,40248,False,805.0,15.0
808,Denethor,169,56323,False,807.0,16.0
809,Nenya,168,1976,False,807.0,16.0
810,Windrunner,167,40100,False,809.0,17.0
811,Elendil,167,21838,False,809.0,17.0
812,Orcrist,166,59717,False,811.0,1.0
813,Earendil,164,8415,False,811.0,1.0
814,Cirdan,164,21257,False,813.0,2.0
815,Araglas,161,14131,False,813.0,2.0
816,Angainor,161,30415,False,815.0,3.0
817,Draugluin,160,78227,False,815.0,3.0
818,Gandalf,159,55727,False,817.0,4.0
819,Osse,159,63996,False,817.0,4.0
820,Arvernien,159,71567,False,819.0,5.0
821,Nienna,159,79238,False,819.0,5.0
822,Anfauglith,158,91196,False,821.0,6.0
823,Caranthir,158,86224,False,821.0,6.0
824,Bor,157,24509,False,823.0,7.0
825,Rohirrim,156,81673,False,823.0,7.0
826,Nandor,155,98692,False,825.0,8.0
827,Dorlas,155,92754,False,825.0,8.0
828,Vereesa,154,88230,False,827.0,9.0
829,Eolande,154,27303,False,827.0,9.0
830,Aerandir,153,27544,False,829.0,10.0
831,Anaire,152,81610,False,829.0,10.0
832,Brethil,150,30084,False,831.0,11.0
833,Gandalf,150,31009,False,831.0,11.0
834,Bregor,150,68372,False,833.0,12.0
835,Amdir,150,60148,False,833.0,12.0
836,Elenwe,150,70178,False,835.0,13.0
837,Denethor,149,35959,False,835.0,13.0
838,Elendur,146,37294,False,837.0,14.0
839,Uinen,145,1287,False,837.0,14.0
840,Elatan,145,74974,False,839.0,15.0
841,Olorin,144,89347,False,839.0,15.0
842,Gelmir,142,66456,False,841.0,16.0
843,Cirdan,142,14293,False,841.0,16.0
844,Dorthonion,142,93231,False,843.0,17.0
845,Erestor,141,18436,False,843.0,17.0
846,Ambarussa,140,17238,False,845.0,1.0
847,Anarion,140,549,False,845.0,1.0
848,Enerdhil,139,50906,False,847.0,2.0
849,Gil-galad,138,54941,False,847.0,2.0
850,Fingolfin,136,26554,False,849.0,3.0
851,Duilin,136,55165,False,849.0,3.0
852,Thingol,134,35480,False,851.0,4.0
853,Annatar,133,97717,False,851.0,4.0
854,Aerin,133,74858,False,853.0,5.0
855,Valar,132,44368,False,853.0,5.0
856,Anghabar,132,50034,False,855.0,6.0
857,Elendil,131,62763,False,855.0,6.0
858,Ilmare,131,41126,False,857.0,7.0
859,Belegund,131,8294,False,857.0,7.0
860,Curufinwe,130,83826,False,859.0,8.0
861,Rivendell,130,50737,False,859.0,8.0
862,Calacirya,127,78262,False,861.0,9.0
863,Bereth,126,47379,False,861.0,9.0
864,Mandos,124,78143,False,863.0,10.0
865,Draugluin,124,84219,False,863.0,10.0
866,Finwe,122,2754,False,865.0,11.0
867,Mablung,122,36388,False,865.0,11.0
868,Narsil,122,49378,False,867.0,12.0
869,Turgon,121,61279,False,867.0,12.0
870,Durin,119,53273,True,869.0,13.0
871,Arminas,119,11850,True,869.0,13.0
872,Finarfin,119,61657,True,871.0,14.0
873,Tuor,119,10277,True,871.0,14.0
874,Osse,118,84099,True,873.0,15.0
875,Manwe,116,69402,True,873.0,15.0
876,Elenwe,116,32875,True,875.0,16.0
877,Aerandir,116,81375,True,875.0,16.0
878,Earendil,115,9798,True,877.0,17.0
879,Calacirya,111,19537,True,877.0,17.0
880,Gimli,111,80709,True,879.0,1.0
881,Gelmir,111,32683,True,879.0,1.0
882,Edrahil,109,23841,True,881.0,2.0
883,Silmaril,109,58035,True,881.0,2.0
884,Draugluin,108,38462,True,883.0,3.0
885,Varda,107,43147,True,883.0,3.0
886,Tinuviel,106,66354,True,885.0,4.0
887,Oropher,106,26201,True,885.0,4.0
888,Valandil,105,59566,True,887.0,5.0
889,Mithrandir,103,10585,True,887.0,5.0
890,Echoriath,103,79410,True,889.0,6.0
891,Almaren,102,22358,True,889.0,6.0
892,Nargothrond,101,20932,True,891.0,7.0
893,Thule,100,51657,True,891.0,7.0
894,Andor,99,37033,True,893.0,8.0
895,Elenwe,99,23314,True,893.0,8.0
896,Denethor,98,91620,True,895.0,9.0
897,Aerandir,97,4668,True,895.0,9.0
898,Denethor,96,77153,True,897.0,10.0
899,Baranor,93,60365,True,897.0,10.0
900,Valinor,93,90028,True,899.0,11.0
901,Eol,91,56905,True,899.0,11.0
902,Araglas,91,39905,True,901.0,12.0
903,Maglor,90,36998,True,901.0,12.0
904,Mandos,89,20069,True,903.0,13.0
905,Celebrindal,87,36782,True,903.0,13.0
906,Elurin,87,96689,True,905.0,14.0
907,Dwalin,87,32452,True,905.0,14.0
908,Mandos,85,13447,True,907.0,15.0
909,Artanis,85,74378,True,907.0,15.0
910,Boromir,84,82539,True,909.0,16.0
911,Aelin,84,86935,True,909.0,16.0
912,Silmaril,83,54056,True,911.0,17.0
913,Elatan,83,17140,True,911.0,17.0
914,Orcrist,81,13040,True,913.0,1.0
915,Rivendell,81,74179,True,913.0,1.0
916,Uinen,77,28329,True,915.0,2.0
917,Imrahil,75,88397,True,915.0,2.0
918,Gelmir,73,72428,True,917.0,3.0
919,Gil-galad,71,8372,True,917.0,3.0
920,Tuor,71,40344,True,919.0,4.0
921,Balador,70,87847,True,919.0,4.0
922,Mithrandir,69,8243,True,921.0,5.0
923,Ringil,69,76029,True,921.0,5.0
924,Aranwe,68,38382,True,923.0,6.0
925,Valinor,68,95333,True,923.0,6.0
926,Bereth,67,70080,True,925.0,7.0
927,Elandorr,66,59760,True,925.0,7.0
928,Aerin,65,31639,True,927.0,8.0
929,Branda,64,34815,True,927.0,8.0
930,Ossiriand,64,29902,True,929.0,9.0
931,Branda,63,65720,True,929.0,9.0
932,Valinor,63,75735,True,931.0,10.0
933,Thule,63,35767,True,931.0,10.0
934,Morgoth,63,96634,True,933.0,11.0
935,Egalmoth,63,80823,True,933.0,11.0
936,Brethil,63,46651,True,935.0,12.0
937,Finwe,62,38845,True,935.0,12.0
938,Yavannie,59,24392,True,937.0,13.0
939,Calacirya,59,3844,True,937.0,13.0
940,Nandor,59,80586,True,939.0,14.0
941,Angrod,58,24242,True,939.0,14.0
942,Celegorm,56,35356,True,941.0,15.0
943,Edain,56,87288,True,941.0,15.0
944,Ancalagon,56,48363,True,943.0,16.0
945,Bund,54,45993,True,943.0,16.0
946,Elrond,54,65599,True,945.0,17.0
947,Dwalin,53,81235,True,945.0,17.0
948,Radagast,53,30922,True,947.0,1.0
949,Silmaril,52,33687,True,947.0,1.0
950,Tirion,51,4234,True,949.0,2.0
951,Nargothrond,51,2044,True,949.0,2.0
952,Cirith,51,17588,True,951.0,3.0
953,Ecthelion,50,49157,True,951.0,3.0
954,Calacirya,47,5910,True,953.0,4.0
955,Nenya,46,53658,True,953.0,4.0
956,Beleriand,43,16841,True,955.0,5.0
957,Andor,42,47605,True,955.0,5.0
958,Namo,41,61629,True,957.0,6.0
959,Ungoliant,36,22688,True,957.0,6.0
960,Elensar,36,53337,True,959.0,7.0
961,Olorin,35,45052,True,959.0,7.0
962,Haldir,34,15225,True,961.0,8.0
963,Arvernien,34,26117,True,961.0,8.0
964,Barad,33,38053,True,963.0,9.0
965,Belegund,33,63753,True,963.0,9.0
966,Nimrodel,32,3657,True,965.0,10.0
967,Silmaril,31,17066,True,965.0,10.0
968,Aranwe,31,44597,True,967.0,11.0
969,Balar,30,79152,True,967.0,11.0
970,Araman,29,80577,True,969.0,12.0
971,Arda,28,78018,True,969.0,12.0
972,Ulmo,28,84770,True,971.0,13.0
973,Arvandor,25,42305,True,971.0,13.0
974,Valar,24,16605,True,973.0,14.0
975,Almaren,24,68524,True,973.0,14.0
976,Brethil,24,2834,True,975.0,15.0
977,Alatariel,23,4520,True,975.0,15.0
978,Curufinwe,23,92353,True,977.0,16.0
979,Bor,20,24416,True,977.0,16.0
980,Gandalf,19,74932,True,979.0,17.0
981,Balan,18,26584,True,979.0,17.0
982,Balador,17,39097,True,981.0,1.0
983,Mandos,15,91582,True,981.0,1.0
984,Earnil,15,29432,True,983.0,2.0
985,Morgoth,12,9249,True,983.0,2.0
986,Legolas,11,6291,True,985.0,3.0
987,Aerin,11,97499,True,985.0,3.0
988,Edain,10,4009,True,987.0,4.0
989,Maglor,9,49959,True,987.0,4.0
990,Daeron,8,54513,True,989.0,5.0
991,Boromir,6,10182,True,989.0,5.0
992,Osse,6,2073,True,991.0,6.0
993,Vingilot,5,69084,True,991.0,6.0
994,Thingol,4,15741,True,993.0,7.0
995,Aelin,4,66764,True,993.0,7.0
996,Mablung,4,68247,True,995.0,8.0
997,Elatan,3,74427,True,995.0,8.0
998,Yavanna,2,37862,True,997.0,9.0
999,Narsil,2,90005,True,997.0,9.0
1000,Arien,1,54769,True,999.0,10.0
